001-001.mid;http://beatlesnumber9.com/isaw.mid
001-002.mid;http://bmh.webzdarma.cz/ISAWHER.MID
001-003.mid;http://earlybeatles.com/midi/0B__I_Saw_Her_Standing_There.mid
001-004.mid;http://en.midimelody.ru/midi.php?str=%2Fb%2FBeatles%20%28The%29%2FBeatles%20%28The%29%20-%20I%20Saw%20Her%20Standing%20There%20%282%29.mid
002-001.mid;http://bmh.webzdarma.cz/MISERY.MID
002-002.mid;http://en.midimelody.ru/midi.php?str=%2Fb%2FBeatles%20%28The%29%2FBeatles%20%28The%29%20-%20Misery.mid
003-001.mid;http://bmh.webzdarma.cz/ANNA.MID
003-002.mid;http://earlybeatles.com/midi/0B__Anna_1.mid
003-003.mid;http://earlybeatles.com/midi/0B__Anna_2.mid
003-004.mid;http://en.midimelody.ru/midi.php?str=%2Fb%2FBeatles%20%28The%29%2FBeatles%20%28The%29%20-%20Anna%20%28Go%20To%20Him%29.mid
004-001.mid;http://bmh.webzdarma.cz/CHAINS.MID
004-002.mid;http://earlybeatles.com/midi/0B__Chains.mid
005-001.mid;http://www.angelfire.com/in2/MarciaRiceFleetwood/Boys.mid
005-002.mid;http://davidbmidi.com/beatles/boys.mid
005-003.mid;http://earlybeatles.com/midi/0B__Boys.mid
005-004.mid;http://en.midimelody.ru/midi.php?str=%2Fb%2FBeatles%20%28The%29%2FBeatles%20%28The%29%20-%20Boys%20%282%29.mid
006-001.mid;http://bmh.webzdarma.cz/ASKMEWHY.MID
006-002.mid;http://earlybeatles.com/midi/0B__Ask_Me_Why_2.mid
006-003.mid;http://en.midimelody.ru/midi.php?str=%2Fb%2FBeatles%20%28The%29%2FBeatles%20%28The%29%20-%20Ask%20Me%20Why.mid
007-001.mid;http://www.angelfire.com/in2/MarciaRiceFleetwood/PleasePleaseMe.mid
007-002.mid;http://bmh.webzdarma.cz/PLSPLSME.MID
007-003.mid;http://earlybeatles.com/midi/0B__Please_Please_Me_2.mid
007-004.mid;http://en.midimelody.ru/midi.php?str=%2Fb%2FBeatles%20%28The%29%2FBeatles%20%28The%29%20-%20Please%2C%20Please%20Me.mid
007-005.mid;http://en.midimelody.ru/midi.php?str=%2Fb%2FBeatles%20%28The%29%2FBeatles%20%28The%29%20-%20Please%20Please%20Me.mid
007-006.mid;http://en.midimelody.ru/midi.php?str=%2Fb%2FBeatles%20%28The%29%2FBeatles%20%28The%29%20-%20Please%20Please%20Me%20Album.mid
007-007.mid;http://en.midimelody.ru/midi.php?str=%2Fb%2FBeatles%20%28The%29%2FBeatles%20%28The%29%20-%20Please%20Please%20Me%20Album%20-%20Side%201.mid
008-001.mid;http://beatlesnumber9.com/loveme.mid
008-002.mid;http://davidbmidi.com/beatles/luvmedo.mid
008-003.mid;http://earlybeatles.com/midi/0B__Love_Me_Do.mid
009-001.mid;http://www.angelfire.com/in2/MarciaRiceFleetwood/PSiloveyou.mid
009-002.mid;http://bmh.webzdarma.cz/PSILUVU.MID
010-001.mid;http://bmh.webzdarma.cz/BITSU.MID
010-002.mid;http://davidbmidi.com/beatles/babyitsu.mid
011-001.mid;http://beatlesnumber9.com/dosecret.mid
011-002.mid;http://davidbmidi.com/beatles/secret.mid
011-003.mid;http://earlybeatles.com/midi/0B__Do_You_Want_To_Know_A_Secret.mid
012-001.mid;http://bmh.webzdarma.cz/TASTE.MID
013-001.mid;http://bmh.webzdarma.cz/THERPLC.MID
013-002.mid;http://earlybeatles.com/midi/0B__There's_A_Place.mid
013-003.mid;http://en.midimelody.ru/midi.php?str=%2Fb%2FBeatles%20%28The%29%2FBeatles%20%28The%29%20-%20There_%27s%20A%20Place.mid
014-001.mid;http://beatlesnumber9.com/twist.mid
014-002.mid;http://bmh.webzdarma.cz/TWSHT.MID
014-003.mid;http://davidbmidi.com/beatles/twistash.mid
014-004.mid;http://earlybeatles.com/midi/0B__Twist_And_Shout.mid
014-005.mid;http://en.midimelody.ru/midi.php?str=%2Fb%2FBeatles%20%28The%29%2FBeatles%20%28The%29%20-%20Twist%20And%20Shout%20%282%29.mid
015-001.mid;http://beatlesnumber9.com/itwontbe.mid
015-002.mid;http://earlybeatles.com/midi/01A-4__It_Won't_Be_Long.mid
015-003.mid;http://en.midimelody.ru/midi.php?str=%2Fb%2FBeatles%20%28The%29%2FBeatles%20%28The%29%20-%20It%20Won_%27t%20Be%20Long.mid
015-004.mid;http://davidbmidi.com/beatles/itwontbl.mid
016-001.mid;http://beatlesnumber9.com/alligot.mid
016-002.mid;http://davidbmidi.com/beatles/allivgto.mid
016-003.mid;http://earlybeatles.com/midi/01A-5__All_I've_Got_To_Do.mid
016-004.mid;http://en.midimelody.ru/midi.php?str=%2Fb%2FBeatles%20%28The%29%2FBeatles%20%28The%29%20-%20All%20I_%27ve%20Got%20To%20Do.mid
017-001.mid;http://www.angelfire.com/in2/MarciaRiceFleetwood/AllMyLoving.mid
017-002.mid;http://beatlesnumber9.com/allmyluv.mid
017-003.mid;http://en.midimelody.ru/midi.php?str=%2Fb%2FBeatles%20%28The%29%2FBeatles%20%28The%29%20-%20All%20My%20Loving%281%29.mid
017-004.mid;http://en.midimelody.ru/midi.php?str=%2Fb%2FBeatles%20%28The%29%2FBeatles%20%28The%29%20-%20All%20my%20loving.mid
017-005.mid;http://en.midimelody.ru/midi.php?str=%2Fb%2FBeatles%20%28The%29%2FBeatles%20%28The%29%20-%20All%20My%20Loving%20%282%29%281%29.mid
017-006.mid;http://en.midimelody.ru/midi.php?str=%2Fb%2FBeatles%20%28The%29%2FBeatles%20%28The%29%20-%20All%20my%20loving%20%282%29.mid
017-007.mid;http://en.midimelody.ru/midi.php?str=%2Fb%2FBeatles%20%28The%29%2FBeatles%20%28The%29%20-%20All%20My%20Loving%20%283%29.mid
017-008.mid;http://en.midimelody.ru/midi.php?str=%2Fb%2FBeatles%20%28The%29%2FBeatles%20%28The%29%20-%20All%20My%20Loving%20%284%29.mid
017-009.mid;http://en.midimelody.ru/midi.php?str=%2Fb%2FBeatles%20%28The%29%2FBeatles%20%28The%29%20-%20All%20My%20Loving%20%28Arranged%20For%20One%20Guitar%29.mid
018-001.mid;http://beatlesnumber9.com/dontbother.mid
018-002.mid;http://bmh.webzdarma.cz/DONTBTHR.MID
018-003.mid;http://earlybeatles.com/midi/01B-1__Don't_Bother_Me.mid
018-004.mid;http://en.midimelody.ru/midi.php?str=%2Fb%2FBeatles%20%28The%29%2FBeatles%20%28The%29%20-%20Don_%27t%20Bother%20Me.mid
019-001.mid;http://bmh.webzdarma.cz/LITCHILD.MID
020-001.mid;http://bmh.webzdarma.cz/TILTHERW.MID
020-002.mid;http://earlybeatles.com/midi/01B-3__Till_There_Was_You.mid
020-003.mid;http://en.midimelody.ru/midi.php?str=%2Fb%2FBeatles%20%28The%29%2FBeatles%20%28The%29%20-%20Till%20There%20Was%20You.mid
020-004.mid;http://en.midimelody.ru/midi.php?str=%2Fb%2FBeatles%20%28The%29%2FBeatles%20%28The%29%20-%20Til%20There%20Was%20You.mid
021-001.mid;http://bmh.webzdarma.cz/PMRPOST.MID
021-002.mid;http://earlybeatles.com/midi/02B-3__Please_Mr_Postman.mid
021-003.mid;http://en.midimelody.ru/midi.php?str=%2Fb%2FBeatles%20%28The%29%2FBeatles%20%28The%29%20-%20Please%20Mister%20Postman.mid
022-001.mid;http://bmh.webzdarma.cz/ROLLOVRB.MID
022-002.mid;http://earlybeatles.com/midi/02A-1__Roll_Over_Beethoven.mid
022-003.mid;http://en.midimelody.ru/midi.php?str=%2Fb%2FBeatles%20%28The%29%2FBeatles%20%28The%29%20-%20Roll%20Over%20Beethoven.mid
022-004.mid;http://en.midimelody.ru/midi.php?str=%2Fb%2FBeatles%20%28The%29%2FBeatles%20%28The%29%20-%20Roll%20Over%20Beethoven%20%282%29.mid
023-001.mid;http://beatlesnumber9.com/holdme.mid
023-002.mid;http://bmh.webzdarma.cz/HLDMETGT.MID
024-001.mid;http://bmh.webzdarma.cz/UGOTHOLD.MID
024-002.mid;http://davidbmidi.com/beatles/youvrlly.mid
024-003.mid;http://earlybeatles.com/midi/02A-3__You_Really_Got_A_Hold_Of_Me.mid
024-004.mid;http://en.midimelody.ru/midi.php?str=%2Fb%2FBeatles%20%28The%29%2FBeatles%20%28The%29%20-%20You_%27ve%20Really%20Got%20A%20Hold%20On%20Me.mid
025-001.mid;http://bmh.webzdarma.cz/IWBYMAN.MID
025-002.mid;http://earlybeatles.com/midi/01B-5__I_Wanna_Be_Your_Man.mid
025-003.mid;http://en.midimelody.ru/midi.php?str=%2Fb%2FBeatles%20%28The%29%2FBeatles%20%28The%29%20-%20I%20Wanna%20Be%20Your%20Man.mid
026-001.mid;http://beatlesnumber9.com/devil.mid
026-002.mid;http://davidbmidi.com/beatles/devilhrt.mid
026-003.mid;http://earlybeatles.com/midi/02A-4__Devil_In_Her_Heart.mid
026-004.mid;http://en.midimelody.ru/midi.php?str=%2Fb%2FBeatles%20%28The%29%2FBeatles%20%28The%29%20-%20Devil%20In%20Her%20Heart.mid
027-001.mid;http://bmh.webzdarma.cz/NOT2TIME.MID
027-002.mid;http://davidbmidi.com/beatles/not2ndtm.mid
027-003.mid;http://en.midimelody.ru/midi.php?str=%2Fb%2FBeatles%20%28The%29%2FBeatles%20%28The%29%20-%20Not%20A%20Second%20Time.mid
028-001.mid;http://bmh.webzdarma.cz/MONEY.MID
028-002.mid;http://earlybeatles.com/midi/02A-5__Money.mid
028-003.mid;http://en.midimelody.ru/midi.php?str=%2Fb%2FBeatles%20%28The%29%2FBeatles%20%28The%29%20-%20Money%20%28That_%27s%20What%20I%20Want%29.mid
029-001.mid;http://beatlesnumber9.com/hardday.mid
029-002.mid;http://bmh.webzdarma.cz/HARDNIG.MID
029-003.mid;http://davidbmidi.com/beatles/harddays.mid
029-004.mid;http://earlybeatles.com/midi/03A-1__A_Hard_Day's_Night.mid
029-005.mid;http://en.midimelody.ru/midi.php?str=%2Fb%2FBeatles%20%28The%29%2FBeatles%20%28The%29%20-%20A%20Hard%20Day%27s%20Night%20%283%29.mid
029-006.mid;http://en.midimelody.ru/midi.php?str=%2Fb%2FBeatles%20%28The%29%2FBeatles%20%28The%29%20-%20A%20Hard%20Days%20Night.mid
029-007.mid;http://en.midimelody.ru/midi.php?str=%2Fb%2FBeatles%20%28The%29%2FBeatles%20%28The%29%20-%20A%20Hard%20Day_%27s%20Night.mid
029-008.mid;http://en.midimelody.ru/midi.php?str=%2Fb%2FBeatles%20%28The%29%2FBeatles%20%28The%29%20-%20A%20Hard%20Day_%27s%20Night%20%282003%29.mid
030-001.mid;http://beatlesnumber9.com/ishould.mid
030-002.mid;http://en.midimelody.ru/midi.php?str=%2Fb%2FBeatles%20%28The%29%2FBeatles%20%28The%29%20-%20I%20Should%20Have%20Known%20Better.mid
031-001.mid;http://www.angelfire.com/in2/MarciaRiceFleetwood/IfIFell.mid
031-002.mid;http://beatlesnumber9.com/ififell.mid
031-003.mid;http://bmh.webzdarma.cz/IFIFEL.MID
031-004.mid;http://davidbmidi.com/beatles/ififell.mid
031-005.mid;http://earlybeatles.com/midi/03B-2__If_I_Fell.mid
031-006.mid;http://en.midimelody.ru/midi.php?str=%2Fb%2FBeatles%20%28The%29%2FBeatles%20%28The%29%20-%20If%20I%20Fell%281%29.mid
031-007.mid;http://en.midimelody.ru/midi.php?str=%2Fb%2FBeatles%20%28The%29%2FBeatles%20%28The%29%20-%20If%20I%20Fell.mid
031-008.mid;http://en.midimelody.ru/midi.php?str=%2Fb%2FBeatles%20%28The%29%2FBeatles%20%28The%29%20-%20If%20I%20Fell%20%282%29.mid
032-001.mid;http://bmh.webzdarma.cz/HAP2DNC.MID
033-001.mid;http://davidbmidi.com/beatles/andiluv.mid
033-002.mid;http://www.angelfire.com/in2/MarciaRiceFleetwood/AndILoveHer.mid
033-003.mid;http://beatlesnumber9.com/andiluv.mid
033-004.mid;http://earlybeatles.com/midi/03A-6__And_I_Love_Her__INSTRUMENTAL.mid
033-005.mid;http://en.midimelody.ru/midi.php?str=%2Fb%2FBeatles%20%28The%29%2FBeatles%20%28The%29%20-%20And%20I%20Love%20Her%281%29.mid
033-006.mid;http://en.midimelody.ru/midi.php?str=%2Fb%2FBeatles%20%28The%29%2FBeatles%20%28The%29%20-%20And%20I%20Love%20Her.mid
033-007.mid;http://en.midimelody.ru/midi.php?str=%2Fb%2FBeatles%20%28The%29%2FBeatles%20%28The%29%20-%20And%20I%20Love%20Her%20%282%29.mid
034-001.mid;http://bmh.webzdarma.cz/TELLMEW.MID
034-002.mid;http://en.midimelody.ru/midi.php?str=%2Fb%2FBeatles%20%28The%29%2FBeatles%20%28The%29%20-%20Tell%20Me%20Why.mid
035-001.mid;http://beatlesnumber9.com/cantbuy.mid
035-002.mid;http://bmh.webzdarma.cz/CANTBUY.MID
035-003.mid;http://en.midimelody.ru/midi.php?str=%2Fb%2FBeatles%20%28The%29%2FBeatles%20%28The%29%20-%20Can_%27t%20Buy%20Me%20Love%20%283%29.mid
036-001.mid;http://beatlesnumber9.com/anytime.mid
036-002.mid;http://davidbmidi.com/beatles/anytime.mid
036-003.mid;http://earlybeatles.com/midi/04A-3__Any_Time_At_All.mid
036-004.mid;http://en.midimelody.ru/midi.php?str=%2Fb%2FBeatles%20%28The%29%2FBeatles%20%28The%29%20-%20Any%20Time%20At%20All%281%29.mid
036-005.mid;http://en.midimelody.ru/midi.php?str=%2Fb%2FBeatles%20%28The%29%2FBeatles%20%28The%29%20-%20Any%20Time%20At%20All.mid
037-001.mid;http://davidbmidi.com/beatles/illcryin.mid
037-002.mid;http://beatlesnumber9.com/illcry.mid
037-003.mid;http://earlybeatles.com/midi/03A-3__I'll_Cry_Instead.mid
037-004.mid;http://earlybeatles.com/midi/04A-1__I'll_Cry_Instead.mid
038-001.mid;http://beatlesnumber9.com/things.mid
038-002.mid;http://en.midimelody.ru/midi.php?str=%2Fb%2FBeatles%20%28The%29%2FBeatles%20%28The%29%20-%20Things%20We%20Said%20Today.mid
039-001.mid;http://bmh.webzdarma.cz/WIGH.MID
039-002.mid;http://earlybeatles.com/midi/04A-4__When_I_Get_Home.mid
039-003.mid;http://en.midimelody.ru/midi.php?str=%2Fb%2FBeatles%20%28The%29%2FBeatles%20%28The%29%20-%20When%20I%20Get%20Home.mid
040-001.mid;http://beatlesnumber9.com/youcant.mid
040-002.mid;http://en.midimelody.ru/midi.php?str=%2Fb%2FBeatles%20%28The%29%2FBeatles%20%28The%29%20-%20You%20Can_%27t%20Do%20That.mid
041-001.mid;http://bmh.webzdarma.cz/IBEBAC.MID
041-002.mid;http://davidbmidi.com/beatles/illbebak.mid
041-003.mid;http://en.midimelody.ru/midi.php?str=%2Fb%2FBeatles%20%28The%29%2FBeatles%20%28The%29%20-%20I_%27ll%20Be%20Back.mid
042-001.mid;http://www.angelfire.com/in2/MarciaRiceFleetwood/NoReply.mid
042-002.mid;http://beatlesnumber9.com/noreply.mid
042-003.mid;http://en.midimelody.ru/midi.php?str=%2Fb%2FBeatles%20%28The%29%2FBeatles%20%28The%29%20-%20No%20Reply.mid
043-001.mid;http://beatlesnumber9.com/imaloser.mid
043-002.mid;http://en.midimelody.ru/midi.php?str=%2Fb%2FBeatles%20%28The%29%2FBeatles%20%28The%29%20-%20I_%27m%20A%20Loser.mid
044-001.mid;http://beatlesnumber9.com/babyblack.mid
045-001.mid;http://bmh.webzdarma.cz/ROCKNROL.MID
045-002.mid;http://earlybeatles.com/midi/05A-4__Rock_And_Roll_Music.mid
045-003.mid;http://en.midimelody.ru/midi.php?str=%2Fb%2FBeatles%20%28The%29%2FBeatles%20%28The%29%20-%20Rock%20And%20Roll%20Music.mid
046-001.mid;http://www.angelfire.com/in2/MarciaRiceFleetwood/IllFollowTheSun.mid
046-002.mid;http://beatlesnumber9.com/illfollow.mid
046-003.mid;http://davidbmidi.com/beatles/follosun.mid
046-004.mid;http://earlybeatles.com/midi/05A-5__I'll_Follow_The_Sun.mid
046-005.mid;http://en.midimelody.ru/midi.php?str=%2Fb%2FBeatles%20%28The%29%2FBeatles%20%28The%29%20-%20I_%27ll%20Follow%20The%20Sun.mid
047-001.mid;http://bmh.webzdarma.cz/MRMOONLT.MID
047-002.mid;http://davidbmidi.com/beatles/mrmoonlt.mid
047-003.mid;http://earlybeatles.com/midi/05A-6__Mr_Moonlight.mid
047-004.mid;http://en.midimelody.ru/midi.php?str=%2Fb%2FBeatles%20%28The%29%2FBeatles%20%28The%29%20-%20Mr.Moonlight.mid
048-001.mid;http://bmh.webzdarma.cz/KANSAS.MID
048-002.mid;http://en.midimelody.ru/midi.php?str=%2Fb%2FBeatles%20%28The%29%2FBeatles%20%28The%29%20-%20Kansas%20City.mid
049-001.mid;http://davidbmidi.com/beatles/8dayawk.mid
049-002.mid;http://www.angelfire.com/in2/MarciaRiceFleetwood/eightdays.mid
049-003.mid;http://en.midimelody.ru/midi.php?str=%2Fb%2FBeatles%20%28The%29%2FBeatles%20%28The%29%20-%20Eight%20Days%20A%20Week%20%282%29.mid
050-001.mid;http://beatlesnumber9.com/words.mid
050-002.mid;http://bmh.webzdarma.cz/WRDSLOVE.MID
050-003.mid;http://earlybeatles.com/midi/06A-6__Words_Of_Love.mid
050-004.mid;http://en.midimelody.ru/midi.php?str=%2Fb%2FBeatles%20%28The%29%2FBeatles%20%28The%29%20-%20Words%20Of%20Love.mid
051-001.mid;http://bmh.webzdarma.cz/HONDNT.MID
051-002.mid;http://en.midimelody.ru/midi.php?str=%2Fb%2FBeatles%20%28The%29%2FBeatles%20%28The%29%20-%20Honey%20Don_%27t.mid
052-001.mid;http://www.angelfire.com/in2/MarciaRiceFleetwood/EveryLittleThing.mid
052-002.mid;http://beatlesnumber9.com/every.mid
052-003.mid;http://bmh.webzdarma.cz/EVRYTHNG.MID
052-004.mid;http://earlybeatles.com/midi/06B-5__Every_Little_Thing.mid
052-005.mid;http://en.midimelody.ru/midi.php?str=%2Fb%2FBeatles%20%28The%29%2FBeatles%20%28The%29%20-%20Every%20little%20thing.mid
053-001.mid;http://bmh.webzdarma.cz/IDNTSPL.MID
053-002.mid;http://en.midimelody.ru/midi.php?str=%2Fb%2FBeatles%20%28The%29%2FBeatles%20%28The%29%20-%20I%20Don_%27t%20Want%20to%20Spoil%20The%20Party.mid
054-001.mid;http://bmh.webzdarma.cz/WHDOIN.MID
054-002.mid;http://earlybeatles.com/midi/06B-1__What_You're_Doing.mid
055-001.mid;http://earlybeatles.com/midi/05B-5__Everybody's_Trying_To_Be_My_Baby.mid
055-002.mid;http://bmh.webzdarma.cz/E2BMBABY.MID
056-001.mid;http://www.angelfire.com/in2/MarciaRiceFleetwood/Help.mid
056-002.mid;http://bmh.webzdarma.cz/HELP.MID
056-003.mid;http://davidbmidi.com/beatles/help.mid
056-004.mid;http://earlybeatles.com/midi/07A-1__Help!.mid
056-005.mid;http://en.midimelody.ru/midi.php?str=%2Fb%2FBeatles%20%28The%29%2FBeatles%20%28The%29%20-%20Help%21%20%282%29.mid
056-006.mid;http://en.midimelody.ru/midi.php?str=%2Fb%2FBeatles%20%28The%29%2FBeatles%20%28The%29%20-%20Help.mid
057-001.mid;http://beatlesnumber9.com/thenight.mid
057-002.mid;http://en.midimelody.ru/midi.php?str=%2Fb%2FBeatles%20%28The%29%2FBeatles%20%28The%29%20-%20The%20Night%20Before.mid
058-001.mid;http://www.angelfire.com/in2/MarciaRiceFleetwood/Youvegottohideyourloveaway.mid
058-002.mid;http://beatlesnumber9.com/youvegot.mid
058-003.mid;http://davidbmidi.com/beatles/hide.mid
058-004.mid;http://earlybeatles.com/midi/07A-4__You've_Got_To_Hide_Your_Love_Away.mid
058-005.mid;http://en.midimelody.ru/midi.php?str=%2Fb%2FBeatles%20%28The%29%2FBeatles%20%28The%29%20-%20You%27ve%20Got%20To%20Hide%20Your%20Love%20Away%20%282%29.mid
058-006.mid;http://en.midimelody.ru/midi.php?str=%2Fb%2FBeatles%20%28The%29%2FBeatles%20%28The%29%20-%20You_%27ve%20Got%20to%20Hide%20Your%20Love%20Away.mid
059-001.mid;http://beatlesnumber9.com/ineed.mid
059-002.mid;http://davidbmidi.com/beatles/ineedyou.mid
060-001.mid;http://beatlesnumber9.com/anothergirl.mid
061-001.mid;http://beatlesnumber9.com/youregonna.mid
061-002.mid;http://bmh.webzdarma.cz/LOSEGIRL.MID
061-003.mid;http://earlybeatles.com/midi/07B-5__You're_Gonna_Lose_That_Girl.mid
061-004.mid;http://en.midimelody.ru/midi.php?str=%2Fb%2FBeatles%20%28The%29%2FBeatles%20%28The%29%20-%20You%27re%20Going%20To%20Lose%20That%20Girl%20%282%29.mid
061-005.mid;http://en.midimelody.ru/midi.php?str=%2Fb%2FBeatles%20%28The%29%2FBeatles%20%28The%29%20-%20You_%27re%20Going%20To%20Lose%20That%20Girl.mid
062-001.mid;http://beatlesnumber9.com/ticket.mid
062-002.mid;http://en.midimelody.ru/midi.php?str=%2Fb%2FBeatles%20%28The%29%2FBeatles%20%28The%29%20-%20Ticket%20to%20Ride%20%282%29.mid
062-003.mid;http://en.midimelody.ru/midi.php?str=%2Fb%2FBeatles%20%28The%29%2FBeatles%20%28The%29%20-%20Ticket%20To%20Ride%20%283%29.mid
063-001.mid;http://bmh.webzdarma.cz/ACTNATLY.MID
063-002.mid;http://earlybeatles.com/midi/09A-6__Act_Naturally.mid
063-003.mid;http://en.midimelody.ru/midi.php?str=%2Fb%2FBeatles%20%28The%29%2FBeatles%20%28The%29%20-%20Act%20Naturally.mid
063-004.mid;http://en.midimelody.ru/midi.php?str=%2Fb%2FBeatles%20%28The%29%2FBeatles%20%28The%29%20-%20Act%20Naturally%20%282%29.mid
064-001.mid;http://beatlesnumber9.com/itsonly.mid
064-002.mid;http://davidbmidi.com/beatles/itsonlyl.mid
064-003.mid;http://earlybeatles.com/midi/08B-1__It's_Only_Love.mid
064-004.mid;http://en.midimelody.ru/midi.php?str=%2Fb%2FBeatles%20%28The%29%2FBeatles%20%28The%29%20-%20It_%27s%20Only%20Love.mid
065-001.mid;http://bmh.webzdarma.cz/ULIKEME2.MID
065-002.mid;http://en.midimelody.ru/midi.php?str=%2Fb%2FBeatles%20%28The%29%2FBeatles%20%28The%29%20-%20You%20Like%20Me%20Too%20Much.mid
066-001.mid;http://bmh.webzdarma.cz/TELLMSEE.MID
066-002.mid;http://davidbmidi.com/beatles/telmewha.mid
066-003.mid;http://earlybeatles.com/midi/06B-4__Tell_Me_What_You_See.mid
066-004.mid;http://en.midimelody.ru/midi.php?str=%2Fb%2FBeatles%20%28The%29%2FBeatles%20%28The%29%20-%20Tell%20Me%20What%20You%20See.mid
067-001.mid;http://beatlesnumber9.com/iveseen.mid
067-002.mid;http://bmh.webzdarma.cz/ISEENFC.MID
067-003.mid;http://davidbmidi.com/beatles/seenafac.mid
067-004.mid;http://en.midimelody.ru/midi.php?str=%2Fb%2FBeatles%20%28The%29%2FBeatles%20%28The%29%20-%20I_%27ve%20Just%20Seen%20A%20Face.mid
068-001.mid;http://en.midimelody.ru/midi.php?str=%2Fb%2FBeatles%20%28The%29%2FBeatles%20%28The%29%20-%20Yesterday%20%284%29.mid
068-002.mid;http://beatlesnumber9.com/yesterday.mid
068-003.mid;http://bmh.webzdarma.cz/YESTER.MID
068-004.mid;http://davidbmidi.com/beatles/yestrday.mid
068-005.mid;http://earlybeatles.com/midi/09A-5__Yesterday.mid
068-006.mid;http://en.midimelody.ru/midi.php?str=%2Fb%2FBeatles%20%28The%29%2FBeatles%20%28The%29%20-%20Yesterday.mid
068-007.mid;http://en.midimelody.ru/midi.php?str=%2Fb%2FBeatles%20%28The%29%2FBeatles%20%28The%29%20-%20Yesterday%20%2811%29.mid
068-008.mid;http://en.midimelody.ru/midi.php?str=%2Fb%2FBeatles%20%28The%29%2FBeatles%20%28The%29%20-%20Yesterday%20%282%29.mid
068-009.mid;http://en.midimelody.ru/midi.php?str=%2Fb%2FBeatles%20%28The%29%2FBeatles%20%28The%29%20-%20Yesterday%20%283%29.mid
068-010.mid;http://en.midimelody.ru/midi.php?str=%2Fb%2FBeatles%20%28The%29%2FBeatles%20%28The%29%20-%20Yesterday%20%285%29.mid
068-011.mid;http://en.midimelody.ru/midi.php?str=%2Fb%2FBeatles%20%28The%29%2FBeatles%20%28The%29%20-%20Yesterday%20%287%29.mid
068-012.mid;http://en.midimelody.ru/midi.php?str=%2Fb%2FBeatles%20%28The%29%2FBeatles%20%28The%29%20-%20Yesterday%20%288%29.mid
068-013.mid;http://en.midimelody.ru/midi.php?str=%2Fb%2FBeatles%20%28The%29%2FBeatles%20%28The%29%20-%20Yesterday%20%289%29.mid
068-014.mid;http://en.midimelody.ru/midi.php?str=%2Fb%2FBeatles%20%28The%29%2FBeatles%20%28The%29%20-%20Yesterday%20%28One%20album%20version%29.mid
068-015.mid;http://en.midimelody.ru/midi.php?str=%2Fb%2FBeatles%20%28The%29%2FBeatles%20%28The%29%20-%20Yesterday%20%28the%20classical%20version%29.mid
069-001.mid;http://bmh.webzdarma.cz/DZZYLZZY.MID
069-002.mid;http://earlybeatles.com/midi/06B-3__Dizzy _Miss_Lizzy.mid
069-003.mid;http://en.midimelody.ru/midi.php?str=%2Fb%2FBeatles%20%28The%29%2FBeatles%20%28The%29%20-%20Dizzy%20Miss%20Lizzy.mid
070-001.mid;http://beatlesnumber9.com/drive.mid
070-002.mid;http://en.midimelody.ru/midi.php?str=%2Fb%2FBeatles%20%28The%29%2FBeatles%20%28The%29%20-%20Drive%20My%20Car.mid
071-001.mid;http://en.midimelody.ru/midi.php?str=%2Fb%2FBeatles%20%28The%29%2FBeatles%20%28The%29%20-%20Norwegian%20Wood%20%28This%20Bird%20Has%20Flown%29%20%20%20%282%29.mid
071-002.mid;http://www.angelfire.com/in2/MarciaRiceFleetwood/norwwood_1_.mid
071-003.mid;http://beatlesnumber9.com/norwegian.mid
071-004.mid;http://davidbmidi.com/beatles/norwood.mid
071-005.mid;http://en.midimelody.ru/midi.php?str=%2Fb%2FBeatles%20%28The%29%2FBeatles%20%28The%29%20-%20Norwegian%20Wood.mid
071-006.mid;http://en.midimelody.ru/midi.php?str=%2Fb%2FBeatles%20%28The%29%2FBeatles%20%28The%29%20-%20Norwegian%20Wood%20%28This%20Bird%20Has%20Flown%29.mid
071-007.mid;http://en.midimelody.ru/midi.php?str=%2Fb%2FBeatles%20%28The%29%2FBeatles%20%28The%29%20-%20Norwegian%20Wood%20%28This%20Bird%20Has%20Flown%29%20%282%29.mid
072-001.mid;http://www.angelfire.com/in2/MarciaRiceFleetwood/YouWontSeeme.mid
072-002.mid;http://beatlesnumber9.com/youwont.mid
072-003.mid;http://bmh.webzdarma.cz/UWNTSEE.MID
072-004.mid;http://davidbmidi.com/beatles/youwont.mid
072-005.mid;http://earlybeatles.com/midi/08A-3__You_Won't_See_Me.mid
073-001.mid;http://beatlesnumber9.com/nowhere.mid
073-002.mid;http://earlybeatles.com/midi/09A-3__Nowhere_Man.mid
073-003.mid;http://en.midimelody.ru/midi.php?str=%2Fb%2FBeatles%20%28The%29%2FBeatles%20%28The%29%20-%20Nowhere%20Man.mid
073-004.mid;http://en.midimelody.ru/midi.php?str=%2Fb%2FBeatles%20%28The%29%2FBeatles%20%28The%29%20-%20Nowhere%20Man%20%282%29.mid
074-001.mid;http://beatlesnumber9.com/think.mid
074-002.mid;http://davidbmidi.com/beatles/thinkfyr.mid
074-003.mid;http://en.midimelody.ru/midi.php?str=%2Fb%2FBeatles%20%28The%29%2FBeatles%20%28The%29%20-%20Think%20For%20Yourself.mid
074-004.mid;http://en.midimelody.ru/midi.php?str=%2Fb%2FBeatles%20%28The%29%2FBeatles%20%28The%29%20-%20Think%20For%20Yourself%20%282%29.mid
075-001.mid;http://bmh.webzdarma.cz/THEWRD.MID
075-002.mid;http://davidbmidi.com/beatles/theword.mid
075-003.mid;http://earlybeatles.com/midi/08A-5__The_Word.mid
075-004.mid;http://en.midimelody.ru/midi.php?str=%2Fb%2FBeatles%20%28The%29%2FBeatles%20%28The%29%20-%20The%20Word.mid
076-001.mid;http://www.angelfire.com/in2/MarciaRiceFleetwood/michelle_1_.mid
076-002.mid;http://bmh.webzdarma.cz/MICHEL.MID
076-003.mid;http://davidbmidi.com/beatles/michelle.mid
076-004.mid;http://earlybeatles.com/midi/08A-6__Michelle.mid
076-005.mid;http://en.midimelody.ru/midi.php?str=%2Fb%2FBeatles%20%28The%29%2FBeatles%20%28The%29%20-%20Michelle.mid
076-006.mid;http://en.midimelody.ru/midi.php?str=%2Fb%2FBeatles%20%28The%29%2FBeatles%20%28The%29%20-%20Michelle%20%282%29.mid
076-007.mid;http://en.midimelody.ru/midi.php?str=%2Fb%2FBeatles%20%28The%29%2FBeatles%20%28The%29%20-%20Michelle%20%28classic%29.mid
077-001.mid;http://bmh.webzdarma.cz/WHTGOES.MID
077-002.mid;http://en.midimelody.ru/midi.php?str=%2Fb%2FBeatles%20%28The%29%2FBeatles%20%28The%29%20-%20What%20Goes%20On.mid
078-001.mid;http://beatlesnumber9.com/girl.mid
078-002.mid;http://en.midimelody.ru/midi.php?str=%2Fb%2FBeatles%20%28The%29%2FBeatles%20%28The%29%20-%20Girl%20%282%29.mid
078-003.mid;http://en.midimelody.ru/midi.php?str=%2Fb%2FBeatles%20%28The%29%2FBeatles%20%28The%29%20-%20Girl%20%283%29%281%29.mid
078-004.mid;http://en.midimelody.ru/midi.php?str=%2Fb%2FBeatles%20%28The%29%2FBeatles%20%28The%29%20-%20Girl%20%283%29.mid
078-005.mid;http://en.midimelody.ru/midi.php?str=%2Fb%2FBeatles%20%28The%29%2FBeatles%20%28The%29%20-%20Girl%20%284%29.mid
079-001.mid;http://earlybeatles.com/midi/08B-3__I'm_Looking_Through_You.mid
079-002.mid;http://www.angelfire.com/in2/MarciaRiceFleetwood/Imlokkingthroughyou.mid
079-003.mid;http://beatlesnumber9.com/imlooking.mid
079-004.mid;http://en.midimelody.ru/midi.php?str=%2Fb%2FBeatles%20%28The%29%2FBeatles%20%28The%29%20-%20I_%27m%20Looking%20Through%20You.mid
080-001.mid;http://bmh.webzdarma.cz/INMYLIFE.MID
080-002.mid;http://earlybeatles.com/midi/08B-4__In_My_Life.mid
080-003.mid;http://en.midimelody.ru/midi.php?str=%2Fb%2FBeatles%20%28The%29%2FBeatles%20%28The%29%20-%20In%20My%20Life.mid
080-004.mid;http://en.midimelody.ru/midi.php?str=%2Fb%2FBeatles%20%28The%29%2FBeatles%20%28The%29%20-%20In%20My%20Life%20%282%29.mid
080-005.mid;http://en.midimelody.ru/midi.php?str=%2Fb%2FBeatles%20%28The%29%2FBeatles%20%28The%29%20-%20In%20My%20Life%20%283%29.mid
081-001.mid;http://bmh.webzdarma.cz/WAIT.MID
082-001.mid;http://beatlesnumber9.com/ifineeded.mid
082-002.mid;http://bmh.webzdarma.cz/IFINEED.MID
082-003.mid;http://davidbmidi.com/beatles/ifineedd.mid
082-004.mid;http://en.midimelody.ru/midi.php?str=%2Fb%2FBeatles%20%28The%29%2FBeatles%20%28The%29%20-%20If%20I%20Needed%20Someone.mid
083-001.mid;http://www.angelfire.com/in2/MarciaRiceFleetwood/Runforyourlife.mid
083-002.mid;http://en.midimelody.ru/midi.php?str=%2Fb%2FBeatles%20%28The%29%2FBeatles%20%28The%29%20-%20Run%20For%20Your%20Life.mid
084-001.mid;http://davidbmidi.com/beatles/taxman.mid
084-002.mid;http://beatlesnumber9.com/taxman.mid
084-003.mid;http://en.midimelody.ru/midi.php?str=%2Fb%2FBeatles%20%28The%29%2FBeatles%20%28The%29%20-%20Taxman.mid
085-001.mid;http://beatlesnumber9.com/eleanor.mid
085-002.mid;http://bmh.webzdarma.cz/ELEANORR.MID
085-003.mid;http://en.midimelody.ru/midi.php?str=%2Fb%2FBeatles%20%28The%29%2FBeatles%20%28The%29%20-%20Eleanor%20Rigby.mid
085-004.mid;http://en.midimelody.ru/midi.php?str=%2Fb%2FBeatles%20%28The%29%2FBeatles%20%28The%29%20-%20Eleanor%20Rigby%20%282%29.mid
085-005.mid;http://en.midimelody.ru/midi.php?str=%2Fb%2FBeatles%20%28The%29%2FBeatles%20%28The%29%20-%20Eleanor%20Rigby%20%283%29.mid
085-006.mid;http://en.midimelody.ru/midi.php?str=%2Fb%2FBeatles%20%28The%29%2FBeatles%20%28The%29%20-%20Eleanor%20Rigby%20%284%29.mid
085-007.mid;http://en.midimelody.ru/midi.php?str=%2Fb%2FBeatles%20%28The%29%2FBeatles%20%28The%29%20-%20Eleanor%20Rigby%20%28metal%20version%29.mid
086-001.mid;http://beatlesnumber9.com/imonly.mid
086-002.mid;http://bmh.webzdarma.cz/IMONLYSL.MID
086-003.mid;http://earlybeatles.com/midi/09A-2__I'm_Only_Sleeping.mid
086-004.mid;http://en.midimelody.ru/midi.php?str=%2Fb%2FBeatles%20%28The%29%2FBeatles%20%28The%29%20-%20I%27m%20Only%20Sleeping.mid
086-005.mid;http://en.midimelody.ru/midi.php?str=%2Fb%2FBeatles%20%28The%29%2FBeatles%20%28The%29%20-%20I_%27m%20Only%20Sleeping.mid
086-006.mid;http://en.midimelody.ru/midi.php?str=%2Fb%2FBeatles%20%28The%29%2FBeatles%20%28The%29%20-%20I_%27m%20Only%20Slepping.mid
087-001.mid;http://davidbmidi.com/beatles/luvuto.mid
087-002.mid;http://earlybeatles.com/midi/10A-3__Love_You_To.mid
088-001.mid;http://beatlesnumber9.com/herethere.mid
088-002.mid;http://bmh.webzdarma.cz/HERETHR.MID
088-003.mid;http://earlybeatles.com/midi/10A-4__Here_There_Everywhere.mid
088-004.mid;http://en.midimelody.ru/midi.php?str=%2Fb%2FBeatles%20%28The%29%2FBeatles%20%28The%29%20-%20Here%2C%20There%20And%20Everywhere.mid
088-005.mid;http://en.midimelody.ru/midi.php?str=%2Fb%2FBeatles%20%28The%29%2FBeatles%20%28The%29%20-%20Here%2C%20There%20and%20Everywhere%20%282%29.mid
088-006.mid;http://en.midimelody.ru/midi.php?str=%2Fb%2FBeatles%20%28The%29%2FBeatles%20%28The%29%20-%20Here%2C%20There%20And%20Everywhere%20%283%29.mid
088-007.mid;http://en.midimelody.ru/midi.php?str=%2Fb%2FBeatles%20%28The%29%2FBeatles%20%28The%29%20-%20Here%2C%20There%20And%20Everywhere%20%20%282%29.mid
088-008.mid;http://en.midimelody.ru/midi.php?str=%2Fb%2FBeatles%20%28The%29%2FBeatles%20%28The%29%20-%20Here%20There%20And%20Everywhere.mid
088-009.mid;http://www.angelfire.com/in2/MarciaRiceFleetwood/HereThereEverywhere.mid
089-001.mid;http://www.angelfire.com/in2/MarciaRiceFleetwood/YellowSubmarine.mid
089-002.mid;http://beatlesnumber9.com/yellow.mid
089-003.mid;http://bmh.webzdarma.cz/YLLWSUB.MID
089-004.mid;http://en.midimelody.ru/midi.php?str=%2Fb%2FBeatles%20%28The%29%2FBeatles%20%28The%29%20-%20Yellow%20Submarine.mid
089-005.mid;http://en.midimelody.ru/midi.php?str=%2Fb%2FBeatles%20%28The%29%2FBeatles%20%28The%29%20-%20Yellow%20Submarine%20%282%29.mid
090-001.mid;http://beatlesnumber9.com/shesaid.mid
091-001.mid;http://beatlesnumber9.com/goodday.mid
091-002.mid;http://bmh.webzdarma.cz/GUDSUN.MID
091-003.mid;http://earlybeatles.com/midi/10B-1__Good_Day_Sunshine.mid
091-004.mid;http://en.midimelody.ru/midi.php?str=%2Fb%2FBeatles%20%28The%29%2FBeatles%20%28The%29%20-%20Good%20Day%20Sunshine.mid
091-005.mid;http://davidbmidi.com/beatles/gddyss.mid
092-001.mid;http://beatlesnumber9.com/andyourbird.mid
092-002.mid;http://en.midimelody.ru/midi.php?str=%2Fb%2FBeatles%20%28The%29%2FBeatles%20%28The%29%20-%20And%20You%27re%20Bird%20Can%20Sing.mid
092-003.mid;http://en.midimelody.ru/midi.php?str=%2Fb%2FBeatles%20%28The%29%2FBeatles%20%28The%29%20-%20And%20Your%20Bird%20Can%20Sing.mid
092-004.mid;http://en.midimelody.ru/midi.php?str=%2Fb%2FBeatles%20%28The%29%2FBeatles%20%28The%29%20-%20And%20Your%20Bird%20Can%20Sing%20%282%29.mid
092-005.mid;http://en.midimelody.ru/midi.php?str=%2Fb%2FBeatles%20%28The%29%2FBeatles%20%28The%29%20-%20And%20Your%20Bird%20Can%20Sing%20%283%29.mid
093-001.mid;http://beatlesnumber9.com/fornoone.mid
093-002.mid;http://earlybeatles.com/midi/10B-2__For_No_One.mid
093-003.mid;http://en.midimelody.ru/midi.php?str=%2Fb%2FBeatles%20%28The%29%2FBeatles%20%28The%29%20-%20For%20no%20one.mid
093-004.mid;http://en.midimelody.ru/midi.php?str=%2Fb%2FBeatles%20%28The%29%2FBeatles%20%28The%29%20-%20For%20No%20One%20%282%29.mid
094-001.mid;http://bmh.webzdarma.cz/DRROB.MID
094-002.mid;http://davidbmidi.com/beatles/drrobert.mid
094-003.mid;http://earlybeatles.com/midi/09A-4__Dr_Robert.mid
094-004.mid;http://en.midimelody.ru/midi.php?str=%2Fb%2FBeatles%20%28The%29%2FBeatles%20%28The%29%20-%20Doctor%20Robert.mid
095-001.mid;http://beatlesnumber9.com/iwanttotell.mid
095-002.mid;http://en.midimelody.ru/midi.php?str=%2Fb%2FBeatles%20%28The%29%2FBeatles%20%28The%29%20-%20I%20Want%20to%20Tell%20You.mid
096-001.mid;http://bmh.webzdarma.cz/GOTTOGET.MID
096-002.mid;http://davidbmidi.com/beatles/gottgetu.mid
096-003.mid;http://earlybeatles.com/midi/10B-4__Got_To_Get_You_Into_My_Life.mid
096-004.mid;http://en.midimelody.ru/midi.php?str=%2Fb%2FBeatles%20%28The%29%2FBeatles%20%28The%29%20-%20Got%20To%20Get%20You%20Into%20My%20Life.mid
096-005.mid;http://beatlesnumber9.com/gotto.mid
097-001.mid;http://bmh.webzdarma.cz/TOMOR.MID
097-002.mid;http://davidbmidi.com/beatles/tomnvrkn.mid
097-003.mid;http://earlybeatles.com/midi/10B-5__Tomorrow_Never_Knows.mid
097-004.mid;http://en.midimelody.ru/midi.php?str=%2Fb%2FBeatles%20%28The%29%2FBeatles%20%28The%29%20-%20Tomorrow%20Never%20Knows.mid
098-001.mid;http://www.angelfire.com/in2/MarciaRiceFleetwood/sgtpepper.mid
098-002.mid;http://beatlesnumber9.com/sgtreprise.mid
098-003.mid;http://en.midimelody.ru/midi.php?str=%2Fb%2FBeatles%20%28The%29%2FBeatles%20%28The%29%20-%20Sgt.Pepper_%27s%20Lonely%20Hearts%20Club%20Band.mid
098-004.mid;http://en.midimelody.ru/midi.php?str=%2Fb%2FBeatles%20%28The%29%2FBeatles%20%28The%29%20-%20Sgt.%20Pepper_%27s%20Lonely%20Hearts%20Club%20Band.mid
098-005.mid;http://en.midimelody.ru/midi.php?str=%2Fb%2FBeatles%20%28The%29%2FBeatles%20%28The%29%20-%20Sgt.%20Pepper_%27s%20Lonely%20Hearts%20Club%20Band%20%282%29.mid
099-001.mid;http://www.angelfire.com/in2/MarciaRiceFleetwood/Withalittlehelpfrommyfriends.mid
099-002.mid;http://bmh.webzdarma.cz/WIYWOY.MID
099-003.mid;http://davidbmidi.com/beatles/walhelp.mid
099-004.mid;http://earlybeatles.com/midi/11A-2__With_A_Little_Help_From_My_Friends.mid
099-005.mid;http://en.midimelody.ru/midi.php?str=%2Fb%2FBeatles%20%28The%29%2FBeatles%20%28The%29%20-%20With%20A%20Little%20Help%20From%20My%20Friends%20%282%29.mid
099-006.mid;http://en.midimelody.ru/midi.php?str=%2Fb%2FBeatles%20%28The%29%2FBeatles%20%28The%29%20-%20With%20A%20Little%20Help%20From%20My%20Friends%20%283%29.mid
099-007.mid;http://en.midimelody.ru/midi.php?str=%2Fb%2FBeatles%20%28The%29%2FBeatles%20%28The%29%20-%20With%20a%20Little%20Help%20from%20my%20Friends.mid
100-001.mid;http://www.angelfire.com/in2/MarciaRiceFleetwood/Lucyinthesky.mid
100-002.mid;http://beatlesnumber9.com/lucy.mid
100-003.mid;http://bmh.webzdarma.cz/LUCYSKY.MID
100-004.mid;http://en.midimelody.ru/midi.php?str=%2Fb%2FBeatles%20%28The%29%2FBeatles%20%28The%29%20-%20Lucy%20in%20the%20Sky%20with%20Diamonds.mid
100-005.mid;http://en.midimelody.ru/midi.php?str=%2Fb%2FBeatles%20%28The%29%2FBeatles%20%28The%29%20-%20Lucy%20In%20The%20Sky%20With%20Diamonds%20%283%29.mid
101-001.mid;http://beatlesnumber9.com/getting.mid
101-002.mid;http://bmh.webzdarma.cz/GTTGBTTR.MID
101-003.mid;http://earlybeatles.com/midi/11A-4__Getting_Better.mid
101-004.mid;http://en.midimelody.ru/midi.php?str=%2Fb%2FBeatles%20%28The%29%2FBeatles%20%28The%29%20-%20Getting%20Better.mid
101-005.mid;http://en.midimelody.ru/midi.php?str=%2Fb%2FBeatles%20%28The%29%2FBeatles%20%28The%29%20-%20Getting%20Better%20%282%29.mid
102-001.mid;http://beatlesnumber9.com/fixing.mid
102-002.mid;http://bmh.webzdarma.cz/FIXNHOLE.MID
102-003.mid;http://earlybeatles.com/midi/11A-5__Fixing_A_Hole.mid
102-004.mid;http://en.midimelody.ru/midi.php?str=%2Fb%2FBeatles%20%28The%29%2FBeatles%20%28The%29%20-%20Fixing%20a%20Hole.mid
102-005.mid;http://en.midimelody.ru/midi.php?str=%2Fb%2FBeatles%20%28The%29%2FBeatles%20%28The%29%20-%20Fixing%20A%20Hole%20%282%29.mid
103-001.mid;http://bmh.webzdarma.cz/SHSLVNGH.MID
103-002.mid;http://beatlesnumber9.com/shesleaving.mid
104-001.mid;http://beatlesnumber9.com/beingfor.mid
104-002.mid;http://bmh.webzdarma.cz/BOMRKITE.MID
104-003.mid;http://en.midimelody.ru/midi.php?str=%2Fb%2FBeatles%20%28The%29%2FBeatles%20%28The%29%20-%20Being%20For%20The%20Benefit%20Of%20Mr.%20Kite.mid
105-001.mid;http://beatlesnumber9.com/within.mid
105-002.mid;http://earlybeatles.com/midi/11B-1__Within_You_Without_You.mid
106-001.mid;http://beatlesnumber9.com/whenim64.mid
106-002.mid;http://bmh.webzdarma.cz/WHENIM64.MID
106-003.mid;http://en.midimelody.ru/midi.php?str=%2Fb%2FBeatles%20%28The%29%2FBeatles%20%28The%29%20-%20When%20I%27M%20Sixty%20Four.mid
106-004.mid;http://en.midimelody.ru/midi.php?str=%2Fb%2FBeatles%20%28The%29%2FBeatles%20%28The%29%20-%20When%20I%27m%20Sixty%20Four%20%283%29.mid
106-005.mid;http://en.midimelody.ru/midi.php?str=%2Fb%2FBeatles%20%28The%29%2FBeatles%20%28The%29%20-%20When%20I_%27m%20Sixty%20Four%20%282%29.mid
107-001.mid;http://www.angelfire.com/in2/MarciaRiceFleetwood/LovelyRita.mid
107-002.mid;http://beatlesnumber9.com/lovely.mid
107-003.mid;http://bmh.webzdarma.cz/LVLYRITA.MID
108-001.mid;http://bmh.webzdarma.cz/GOODMRN.MID
109-001.mid;http://beatlesnumber9.com/sgtpeppers.mid
109-002.mid;http://bmh.webzdarma.cz/SGTPREPR.MID
109-003.mid;http://earlybeatles.com/midi/11B-5__Sgt_Pepper's__Reprise.mid
109-004.mid;http://en.midimelody.ru/midi.php?str=%2Fb%2FBeatles%20%28The%29%2FBeatles%20%28The%29%20-%20Sgt.Pepper_%27s%20Lonely%20Hearts%20Club%20Band%20%28Reprise%29.mid
110-001.mid;http://beatlesnumber9.com/adaylife.mid
110-002.mid;http://bmh.webzdarma.cz/ADAYINTL.MID
110-003.mid;http://earlybeatles.com/midi/11B-6__A_Day_In_The_Life.mid
110-004.mid;http://en.midimelody.ru/midi.php?str=%2Fb%2FBeatles%20%28The%29%2FBeatles%20%28The%29%20-%20a%20day%20in%20the%20life%28Other%20TOm%29.mid
110-005.mid;http://en.midimelody.ru/midi.php?str=%2Fb%2FBeatles%20%28The%29%2FBeatles%20%28The%29%20-%20A%20Day%20in%20the%20Life.mid
111-001.mid;http://www.angelfire.com/in2/MarciaRiceFleetwood/MagicalMysteryTour.mid
111-002.mid;http://beatlesnumber9.com/magical.mid
111-003.mid;http://davidbmidi.com/beatles/magical.mid
111-004.mid;http://earlybeatles.com/midi/12A-1__Magical_Mystery_Tour.mid
111-005.mid;http://en.midimelody.ru/midi.php?str=%2Fb%2FBeatles%20%28The%29%2FBeatles%20%28The%29%20-%20Magical%20Mystery%20Tour.mid
112-001.mid;http://www.angelfire.com/in2/MarciaRiceFleetwood/FoolOnTheHill.mid
112-002.mid;http://davidbmidi.com/beatles/foolhill.mid
112-003.mid;http://earlybeatles.com/midi/12A-2__Fool_On_The_Hill.mid
112-004.mid;http://en.midimelody.ru/midi.php?str=%2Fb%2FBeatles%20%28The%29%2FBeatles%20%28The%29%20-%20Fool%20On%20The%20Hill%281%29.mid
112-005.mid;http://en.midimelody.ru/midi.php?str=%2Fb%2FBeatles%20%28The%29%2FBeatles%20%28The%29%20-%20Fool%20on%20the%20Hill.mid
112-006.mid;http://en.midimelody.ru/midi.php?str=%2Fb%2FBeatles%20%28The%29%2FBeatles%20%28The%29%20-%20The%20Fool%20On%20The%20Hill.mid
112-007.mid;http://en.midimelody.ru/midi.php?str=%2Fb%2FBeatles%20%28The%29%2FBeatles%20%28The%29%20-%20The%20Fool%20on%20the%20Hill%20%28acoustic%29.mid
113-001.mid;http://beatlesnumber9.com/flying.mid
113-002.mid;http://davidbmidi.com/beatles/flying.mid
113-003.mid;http://earlybeatles.com/midi/12A-3__Flying.mid
114-001.mid;http://www.angelfire.com/in2/MarciaRiceFleetwood/BlueJayWay.mid
114-002.mid;http://davidbmidi.com/beatles/bluejway.mid
114-003.mid;http://earlybeatles.com/midi/12A-4__Blue_Jay_Way.mid
115-001.mid;http://beatlesnumber9.com/yourmother.mid
115-002.mid;http://bmh.webzdarma.cz/YMOTHER.MID
115-003.mid;http://davidbmidi.com/beatles/yourmthr.mid
115-004.mid;http://en.midimelody.ru/midi.php?str=%2Fb%2FBeatles%20%28The%29%2FBeatles%20%28The%29%20-%20Your%20Mother%20Should%20Know.mid
116-001.mid;http://www.angelfire.com/in2/MarciaRiceFleetwood/IamtheWalrus.mid
116-002.mid;http://beatlesnumber9.com/iamwalrus.mid
116-003.mid;http://davidbmidi.com/beatles/walrus.mid
116-004.mid;http://en.midimelody.ru/midi.php?str=%2Fb%2FBeatles%20%28The%29%2FBeatles%20%28The%29%20-%20I%20am%20the%20Walrus.mid
116-005.mid;http://bmh.webzdarma.cz/IWALRUS.MID
117-001.mid;http://www.angelfire.com/in2/MarciaRiceFleetwood/hellogoodbye.mid
117-002.mid;http://davidbmidi.com/beatles/hellogby.mid
117-003.mid;http://en.midimelody.ru/midi.php?str=%2Fb%2FBeatles%20%28The%29%2FBeatles%20%28The%29%20-%20Hello%20Goodbye%20%282%29.mid
118-001.mid;http://www.angelfire.com/in2/MarciaRiceFleetwood/StrawberryFieldsForever.mid
118-002.mid;http://beatlesnumber9.com/strawberry.mid
118-003.mid;http://bmh.webzdarma.cz/STRAWB.MID
118-004.mid;http://davidbmidi.com/beatles/strawbf.mid
118-005.mid;http://en.midimelody.ru/midi.php?str=%2Fb%2FBeatles%20%28The%29%2FBeatles%20%28The%29%20-%20Strawberry%20Fields%20Forever%281%29.mid
118-006.mid;http://en.midimelody.ru/midi.php?str=%2Fb%2FBeatles%20%28The%29%2FBeatles%20%28The%29%20-%20Strawberry%20Fields%20Forever.mid
118-007.mid;http://en.midimelody.ru/midi.php?str=%2Fb%2FBeatles%20%28The%29%2FBeatles%20%28The%29%20-%20Strawberry%20fields%20forever%20%282%29.mid
118-008.mid;http://en.midimelody.ru/midi.php?str=%2Fb%2FBeatles%20%28The%29%2FBeatles%20%28The%29%20-%20Strawberry%20Fields%20Forever%20%283%29.mid
119-001.mid;http://beatlesnumber9.com/penny.mid
119-002.mid;http://bmh.webzdarma.cz/PENNYLN.MID
119-003.mid;http://davidbmidi.com/beatles/pennyln.mid
119-004.mid;http://earlybeatles.com/midi/12B-3__Penny_Lane.mid
119-005.mid;http://en.midimelody.ru/midi.php?str=%2Fb%2FBeatles%20%28The%29%2FBeatles%20%28The%29%20-%20Penny%20Lane%281%29.mid
119-006.mid;http://en.midimelody.ru/midi.php?str=%2Fb%2FBeatles%20%28The%29%2FBeatles%20%28The%29%20-%20Penny%20Lane%20%28Faroe%20Versoin%29.mid
119-007.mid;http://en.midimelody.ru/midi.php?str=%2Fb%2FBeatles%20%28The%29%2FBeatles%20%28The%29%20-%20Penny%20Lane.mid
120-001.mid;http://beatlesnumber9.com/babyyourerich.mid
120-002.mid;http://earlybeatles.com/midi/12B-4__Baby_You're_A_Rich_Man.mid
120-003.mid;http://en.midimelody.ru/midi.php?str=%2Fb%2FBeatles%20%28The%29%2FBeatles%20%28The%29%20-%20Baby%20You_%27re%20A%20Rich%20Man.mid
121-001.mid;http://beatlesnumber9.com/allyouneed.mid
121-002.mid;http://davidbmidi.com/beatles/alluneed.mid
121-003.mid;http://earlybeatles.com/midi/12B-5__All_You_Need_Is_Love.mid
122-001.mid;http://beatlesnumber9.com/backussr.mid
122-002.mid;http://bmh.webzdarma.cz/BACKUSSR.MID
123-001.mid;http://beatlesnumber9.com/dear.mid
124-001.mid;http://beatlesnumber9.com/glass.mid
124-002.mid;http://bmh.webzdarma.cz/GLSONIN.MID
124-003.mid;http://davidbmidi.com/beatles/glsonion.mid
124-004.mid;http://en.midimelody.ru/midi.php?str=%2Fb%2FBeatles%20%28The%29%2FBeatles%20%28The%29%20-%20Glass%20Onion.mid
125-001.mid;http://www.angelfire.com/in2/MarciaRiceFleetwood/ob_la_di_ob_la_da.mid
125-002.mid;http://davidbmidi.com/beatles/obladi.mid
125-003.mid;http://en.midimelody.ru/midi.php?str=%2Fb%2FBeatles%20%28The%29%2FBeatles%20%28The%29%20-%20Ob-La-Di%2C%20Ob-La-Da%20%20%282%29.mid
125-004.mid;http://en.midimelody.ru/midi.php?str=%2Fb%2FBeatles%20%28The%29%2FBeatles%20%28The%29%20-%20O%20Bla%20Di%2C%20O%20Bla%20Da.mid
126-001.mid;http://bmh.webzdarma.cz/WHONPIE.MID
126-002.mid;http://davidbmidi.com/beatles/wldhnypi.mid
127-001.mid;http://beatlesnumber9.com/thecontinuing.mid
127-002.mid;http://davidbmidi.com/beatles/bungalow.mid
127-003.mid;http://earlybeatles.com/midi/13A-5__The_Continuing_Story_Of_Bungalow_Bill.mid
127-004.mid;http://en.midimelody.ru/midi.php?str=%2Fb%2FBeatles%20%28The%29%2FBeatles%20%28The%29%20-%20The%20Continuing%20Story%20Of%20Bungalow%20Bill.mid
128-001.mid;http://beatlesnumber9.com/while.mid
128-002.mid;http://davidbmidi.com/beatles/whilegtr.mid
128-003.mid;http://en.midimelody.ru/midi.php?str=%2Fb%2FBeatles%20%28The%29%2FBeatles%20%28The%29%20-%20While%20My%20Guitar%20Gently%20Weeps.mid
128-004.mid;http://en.midimelody.ru/midi.php?str=%2Fb%2FBeatles%20%28The%29%2FBeatles%20%28The%29%20-%20While%20My%20Guitar%20Gently%20Weeps%20%282%29.mid
128-005.mid;http://en.midimelody.ru/midi.php?str=%2Fb%2FBeatles%20%28The%29%2FBeatles%20%28The%29%20-%20While%20My%20Guitar%20Gently%20Weeps%20%283%29.mid
128-006.mid;http://en.midimelody.ru/midi.php?str=%2Fb%2FBeatles%20%28The%29%2FBeatles%20%28The%29%20-%20While%20My%20Guitar%20Gently%20Weeps%20%284%29.mid
129-001.mid;http://beatlesnumber9.com/happiness.mid
129-002.mid;http://davidbmidi.com/beatles/happinss.mid
129-003.mid;http://en.midimelody.ru/midi.php?str=%2Fb%2FBeatles%20%28The%29%2FBeatles%20%28The%29%20-%20Happiness%20is%20a%20Warm%20Gun.mid
129-004.mid;http://earlybeatles.com/midi/13A-7__Happiness_Is_A_Warm_Gun.mid
130-001.mid;http://beatlesnumber9.com/martha.mid
130-002.mid;http://davidbmidi.com/beatles/marthadb.mid
130-003.mid;http://earlybeatles.com/midi/13B-1__Martha_My_Dear.mid
130-004.mid;http://en.midimelody.ru/midi.php?str=%2Fb%2FBeatles%20%28The%29%2FBeatles%20%28The%29%20-%20Martha%20My%20Dear.mid
130-005.mid;http://en.midimelody.ru/midi.php?str=%2Fb%2FBeatles%20%28The%29%2FBeatles%20%28The%29%20-%20Martha%20My%20Dear%20%282%29.mid
130-006.mid;http://en.midimelody.ru/midi.php?str=%2Fb%2FBeatles%20%28The%29%2FBeatles%20%28The%29%20-%20Martha%20My%20Dear%20%283%29.mid
131-001.mid;http://beatlesnumber9.com/imsotired.mid
131-002.mid;http://bmh.webzdarma.cz/IMTIRED.MID
131-003.mid;http://earlybeatles.com/midi/13B-2__I'm_So_Tired.mid
131-004.mid;http://en.midimelody.ru/midi.php?str=%2Fb%2FBeatles%20%28The%29%2FBeatles%20%28The%29%20-%20I_%27m%20So%20Tired.mid
132-001.mid;http://beatlesnumber9.com/blackbird.mid
132-002.mid;http://bmh.webzdarma.cz/BLACKBRD.MID
132-003.mid;http://davidbmidi.com/beatles/blckbird.mid
132-004.mid;http://en.midimelody.ru/midi.php?str=%2Fb%2FBeatles%20%28The%29%2FBeatles%20%28The%29%20-%20Blackbird%20%282%29.mid
132-005.mid;http://en.midimelody.ru/midi.php?str=%2Fb%2FBeatles%20%28The%29%2FBeatles%20%28The%29%20-%20Blackbird%20%28Arranged%20For%20One%20Guitar%29.mid
132-006.mid;http://en.midimelody.ru/midi.php?str=%2Fb%2FBeatles%20%28The%29%2FBeatles%20%28The%29%20-%20Blackbird%20.mid
133-001.mid;http://davidbmidi.com/beatles/piggies.mid
133-002.mid;http://beatlesnumber9.com/piggies.mid
134-001.mid;http://beatlesnumber9.com/rocky.mid
134-002.mid;http://bmh.webzdarma.cz/ROCKYRCN.MID
134-003.mid;http://earlybeatles.com/midi/13B-5__Rocky_Raccoon.mid
134-004.mid;http://en.midimelody.ru/midi.php?str=%2Fb%2FBeatles%20%28The%29%2FBeatles%20%28The%29%20-%20Rocky%20Raccoon.mid
135-001.mid;http://beatlesnumber9.com/dontpass.mid
135-002.mid;http://en.midimelody.ru/midi.php?str=%2Fb%2FBeatles%20%28The%29%2FBeatles%20%28The%29%20-%20Don_%27t%20Pass%20Me%20By.mid
136-001.mid;http://beatlesnumber9.com/whydont.mid
136-002.mid;http://bmh.webzdarma.cz/WHYDONTW.MID
136-003.mid;http://earlybeatles.com/midi/13B-7__Why_Don't_We_Do_It_In_The_Road.mid
137-001.mid;http://beatlesnumber9.com/iwill.mid
137-002.mid;http://davidbmidi.com/beatles/iwilldb.mid
138-001.mid;http://beatlesnumber9.com/julia.mid
138-002.mid;http://davidbmidi.com/beatles/julia.mid
139-001.mid;http://www.angelfire.com/in2/MarciaRiceFleetwood/Birthday.mid
139-002.mid;http://beatlesnumber9.com/birthday.mid
139-003.mid;http://davidbmidi.com/beatles/birthday.mid
139-004.mid;http://earlybeatles.com/midi/13C-1__Birthday.mid
139-005.mid;http://en.midimelody.ru/midi.php?str=%2Fb%2FBeatles%20%28The%29%2FBeatles%20%28The%29%20-%20Birthday.mid
140-001.mid;http://beatlesnumber9.com/yerblues.mid
140-002.mid;http://en.midimelody.ru/midi.php?str=%2Fb%2FBeatles%20%28The%29%2FBeatles%20%28The%29%20-%20Yer%20Blues.mid
141-001.mid;http://beatlesnumber9.com/mother.mid
141-002.mid;http://davidbmidi.com/beatles/mthrntr.mid
141-003.mid;http://earlybeatles.com/midi/13C-3__Mother_Nature's_Son.mid
141-004.mid;http://en.midimelody.ru/midi.php?str=%2Fb%2FBeatles%20%28The%29%2FBeatles%20%28The%29%20-%20Mother%20Nature%27s%20Son%20%283%29.mid
141-005.mid;http://en.midimelody.ru/midi.php?str=%2Fb%2FBeatles%20%28The%29%2FBeatles%20%28The%29%20-%20Mother%20Nature_%27s%20Son%20%282%29.mid
142-001.mid;http://www.angelfire.com/in2/MarciaRiceFleetwood/EveryBodysTryingToBeMyBaby.mid
142-002.mid;http://beatlesnumber9.com/everybodyhide.mid
142-003.mid;http://davidbmidi.com/beatles/monkey.mid
143-001.mid;http://beatlesnumber9.com/sexy.mid
143-002.mid;http://en.midimelody.ru/midi.php?str=%2Fb%2FBeatles%20%28The%29%2FBeatles%20%28The%29%20-%20Sexy%20Sadie.mid
144-001.mid;http://www.angelfire.com/in2/MarciaRiceFleetwood/HelterSkelter.mid
144-002.mid;http://beatlesnumber9.com/helter.mid
144-003.mid;http://bmh.webzdarma.cz/HELTERSK.MID
144-004.mid;http://earlybeatles.com/midi/13C-6__Helter_Skelter.mid
144-005.mid;http://en.midimelody.ru/midi.php?str=%2Fb%2FBeatles%20%28The%29%2FBeatles%20%28The%29%20-%20Helter%20Skelter.mid
144-006.mid;http://en.midimelody.ru/midi.php?str=%2Fb%2FBeatles%20%28The%29%2FBeatles%20%28The%29%20-%20Helter%20Skelter%20%282%29.mid
145-001.mid;http://bmh.webzdarma.cz/LONG.MID
145-002.mid;http://en.midimelody.ru/midi.php?str=%2Fb%2FBeatles%20%28The%29%2FBeatles%20%28The%29%20-%20Long%20Long%20Long.mid
146-001.mid;http://beatlesnumber9.com/rev1.mid
146-002.mid;http://davidbmidi.com/beatles/revol1.mid
146-003.mid;http://earlybeatles.com/midi/13D-1__Revolution1.mid
146-004.mid;http://en.midimelody.ru/midi.php?str=%2Fb%2FBeatles%20%28The%29%2FBeatles%20%28The%29%20-%20Revolution.mid
146-005.mid;http://en.midimelody.ru/midi.php?str=%2Fb%2FBeatles%20%28The%29%2FBeatles%20%28The%29%20-%20Revolution%20%282%29.mid
146-006.mid;http://en.midimelody.ru/midi.php?str=%2Fb%2FBeatles%20%28The%29%2FBeatles%20%28The%29%20-%20Revolution%201.mid
147-001.mid;http://www.angelfire.com/in2/MarciaRiceFleetwood/honeypie.mid
147-002.mid;http://beatlesnumber9.com/honeypie.mid
148-001.mid;http://www.angelfire.com/in2/MarciaRiceFleetwood/SavoyTruffle.mid
148-002.mid;http://beatlesnumber9.com/savoy.mid
148-003.mid;http://davidbmidi.com/beatles/savoytrf.mid
148-004.mid;http://earlybeatles.com/midi/13D-3__Savoy_Truffle.mid
149-001.mid;http://beatlesnumber9.com/crybaby.mid
149-002.mid;http://en.midimelody.ru/midi.php?str=%2Fb%2FBeatles%20%28The%29%2FBeatles%20%28The%29%20-%20Cry%20Baby%20Cry.mid
150-001.mid;http://www.angelfire.com/in2/MarciaRiceFleetwood/Revolution.mid
150-002.mid;http://davidbmidi.com/beatles/rev9db.mid
151-001.mid;http://beatlesnumber9.com/goodnight.mid
151-002.mid;http://davidbmidi.com/beatles/gnight.mid
151-003.mid;http://earlybeatles.com/midi/13D-6__Good_Night.mid
151-004.mid;http://en.midimelody.ru/midi.php?str=%2Fb%2FBeatles%20%28The%29%2FBeatles%20%28The%29%20-%20Goodnight.mid
152-001.mid;http://www.angelfire.com/in2/MarciaRiceFleetwood/ComeTogether.mid
152-002.mid;http://beatlesnumber9.com/cometogether.mid
152-003.mid;http://en.midimelody.ru/midi.php?str=%2Fb%2FBeatles%20%28The%29%2FBeatles%20%28The%29%20-%20Come%20Together%281%29.mid
152-004.mid;http://en.midimelody.ru/midi.php?str=%2Fb%2FBeatles%20%28The%29%2FBeatles%20%28The%29%20-%20Come%20Together%20%282%29.mid
152-005.mid;http://en.midimelody.ru/midi.php?str=%2Fb%2FBeatles%20%28The%29%2FBeatles%20%28The%29%20-%20Come%20Together%20%283%29.mid
152-006.mid;http://en.midimelody.ru/midi.php?str=%2Fb%2FBeatles%20%28The%29%2FBeatles%20%28The%29%20-%20Come%20Together.mid
153-001.mid;http://beatlesnumber9.com/something.mid
153-002.mid;http://earlybeatles.com/midi/15A-2__Something.mid
153-003.mid;http://en.midimelody.ru/midi.php?str=%2Fb%2FBeatles%20%28The%29%2FBeatles%20%28The%29%20-%20Something.mid
153-004.mid;http://en.midimelody.ru/midi.php?str=%2Fb%2FBeatles%20%28The%29%2FBeatles%20%28The%29%20-%20Something%20%282%29.mid
153-005.mid;http://en.midimelody.ru/midi.php?str=%2Fb%2FBeatles%20%28The%29%2FBeatles%20%28The%29%20-%20Something%20%283%29.mid
153-006.mid;http://en.midimelody.ru/midi.php?str=%2Fb%2FBeatles%20%28The%29%2FBeatles%20%28The%29%20-%20Something%20%284%29.mid
154-001.mid;http://beatlesnumber9.com/maxwell.mid
154-002.mid;http://bmh.webzdarma.cz/MAXHAM.MID
154-003.mid;http://davidbmidi.com/beatles/maxwell.mid
154-004.mid;http://earlybeatles.com/midi/15A-3__Maxwell's_Silver_Hammer.mid
154-005.mid;http://en.midimelody.ru/midi.php?str=%2Fb%2FBeatles%20%28The%29%2FBeatles%20%28The%29%20-%20Maxwell_%27s%20Silver%20Hammer.mid
155-001.mid;http://www.angelfire.com/in2/MarciaRiceFleetwood/ohdarling.mid
155-002.mid;http://beatlesnumber9.com/oh.mid
155-003.mid;http://en.midimelody.ru/midi.php?str=%2Fb%2FBeatles%20%28The%29%2FBeatles%20%28The%29%20-%20Oh%20Darling.mid
156-001.mid;http://davidbmidi.com/beatles/octopusg.mid
156-002.mid;http://en.midimelody.ru/midi.php?str=%2Fb%2FBeatles%20%28The%29%2FBeatles%20%28The%29%20-%20Octopus%27s%20Garden%20%282%29.mid
157-001.mid;http://bmh.webzdarma.cz/IWANTU.MID
157-002.mid;http://en.midimelody.ru/midi.php?str=%2Fb%2FBeatles%20%28The%29%2FBeatles%20%28The%29%20-%20I%20Want%20You.mid
157-003.mid;http://en.midimelody.ru/midi.php?str=%2Fb%2FBeatles%20%28The%29%2FBeatles%20%28The%29%20-%20I%20Want%20You%20%28She_%27s%20so%20heavy%29.mid
158-001.mid;http://www.angelfire.com/in2/MarciaRiceFleetwood/HereComesTheSun.mid
158-002.mid;http://beatlesnumber9.com/herecomes.mid
158-003.mid;http://en.midimelody.ru/midi.php?str=%2Fb%2FBeatles%20%28The%29%2FBeatles%20%28the%29%20-%20Here%20Comes%20the%20Sun.mid
158-004.mid;http://en.midimelody.ru/midi.php?str=%2Fb%2FBeatles%20%28The%29%2FBeatles%20%28The%29%20-%20Here%20Comes%20The%20Sun%20%282%29.mid
158-005.mid;http://en.midimelody.ru/midi.php?str=%2Fb%2FBeatles%20%28The%29%2FBeatles%20%28The%29%20-%20Here%20Comes%20The%20Sun%20%283%29.mid
158-006.mid;http://en.midimelody.ru/midi.php?str=%2Fb%2FBeatles%20%28The%29%2FBeatles%20%28The%29%20-%20Here%20Comes%20The%20Sun%20%284%29.mid
159-001.mid;http://www.angelfire.com/in2/MarciaRiceFleetwood/Because.mid
159-002.mid;http://beatlesnumber9.com/because.mid
159-003.mid;http://davidbmidi.com/beatles/because.mid
159-004.mid;http://earlybeatles.com/midi/15B-02__Because.mid
159-005.mid;http://en.midimelody.ru/midi.php?str=%2Fb%2FBeatles%20%28The%29%2FBeatles%20%28The%29%20-%20Because.mid
159-006.mid;http://en.midimelody.ru/midi.php?str=%2Fb%2FBeatles%20%28The%29%2FBeatles%20%28The%29%20-%20Because%20%283%29.mid
159-007.mid;http://en.midimelody.ru/midi.php?str=%2Fb%2FBeatles%20%28The%29%2FBeatles%20%28The%29%20-%20Because%20%282%29.mid
160-001.mid;http://www.angelfire.com/in2/MarciaRiceFleetwood/YouNeverGiveMeYourMoney.mid
160-002.mid;http://beatlesnumber9.com/younever.mid
160-003.mid;http://davidbmidi.com/beatles/younever.mid
160-004.mid;http://earlybeatles.com/midi/15B-03__You_Never_Give_Me_Your_Money.mid
160-005.mid;http://en.midimelody.ru/midi.php?str=%2Fb%2FBeatles%20%28The%29%2FBeatles%20%28The%29%20-%20You%20Never%20Give%20Me%20Your%20Money.mid
161-001.mid;http://www.angelfire.com/in2/MarciaRiceFleetwood/SunKing.mid
161-002.mid;http://beatlesnumber9.com/sunking.mid
161-003.mid;http://en.midimelody.ru/midi.php?str=%2Fb%2FBeatles%20%28The%29%2FBeatles%20%28The%29%20-%20Sun%20King.mid
163-001.mid;http://beatlesnumber9.com/poly.mid
163-002.mid;http://en.midimelody.ru/midi.php?str=%2Fb%2FBeatles%20%28The%29%2FBeatles%20%28The%29%20-%20Polythene%20Pam.mid
164-001.mid;http://beatlesnumber9.com/shecame.mid
165-001.mid;http://beatlesnumber9.com/golden.mid
165-002.mid;http://en.midimelody.ru/midi.php?str=%2Fb%2FBeatles%20%28The%29%2FBeatles%20%28The%29%20-%20Golden%20Slumbers.mid
165-003.mid;http://en.midimelody.ru/midi.php?str=%2Fb%2FBeatles%20%28The%29%2FBeatles%20%28The%29%20-%20Golden%20Slumbers_Carry%20That%20Weight_The%20End.mid
166-001.mid;http://beatlesnumber9.com/carry.mid
166-002.mid;http://bmh.webzdarma.cz/CARRY.MID
166-003.mid;http://earlybeatles.com/midi/15B-09__Carrry_That_Weight.mid
166-004.mid;http://en.midimelody.ru/midi.php?str=%2Fb%2FBeatles%20%28The%29%2FBeatles%20%28The%29%20-%20Carry%20That%20Weight.mid
167-001.mid;http://beatlesnumber9.com/theend.mid
167-002.mid;http://earlybeatles.com/midi/15B-10__The_End.mid
167-003.mid;http://en.midimelody.ru/midi.php?str=%2Fb%2FBeatles%20%28The%29%2FBeatles%20%28The%29%20-%20The%20End.mid
167-004.mid;http://en.midimelody.ru/midi.php?str=%2Fb%2FBeatles%20%28The%29%2FBeatles%20%28The%29%20-%20The%20End%20%282%29.mid
168-001.mid;http://beatlesnumber9.com/hermajesty.mid
168-002.mid;http://bmh.webzdarma.cz/HERMAJ.MID
168-003.mid;http://en.midimelody.ru/midi.php?str=%2Fb%2FBeatles%20%28The%29%2FBeatles%20%28The%29%20-%20Her%20Majesty.mid
168-004.mid;http://en.midimelody.ru/midi.php?str=%2Fb%2FBeatles%20%28The%29%2FBeatles%20%28The%29%20-%20Her%20Majesty%20%282%29.mid
169-001.mid;http://www.angelfire.com/in2/MarciaRiceFleetwood/twoofus_1_.mid
169-002.mid;http://bmh.webzdarma.cz/2OFUS.MID
169-003.mid;http://earlybeatles.com/midi/17A-1__Two_Of_Us.mid
169-004.mid;http://en.midimelody.ru/midi.php?str=%2Fb%2FBeatles%20%28The%29%2FBeatles%20%28The%29%20-%20Two%20Of%20Us.mid
170-001.mid;http://davidbmidi.com/beatles/digapony.mid
170-002.mid;http://earlybeatles.com/midi/17A-2__I_Dig_A_Pony.mid
170-003.mid;http://en.midimelody.ru/midi.php?str=%2Fb%2FBeatles%20%28The%29%2FBeatles%20%28The%29%20-%20Dig%20A%20Pony.mid
171-001.mid;http://bmh.webzdarma.cz/ACRSSUN.MID
171-002.mid;http://davidbmidi.com/beatles/acrssunv.mid
171-003.mid;http://en.midimelody.ru/midi.php?str=%2Fb%2FBeatles%20%28The%29%2FBeatles%20%28The%29%20-%20Across%20the%20Universe%281%29.mid
171-004.mid;http://en.midimelody.ru/midi.php?str=%2Fb%2FBeatles%20%28The%29%2FBeatles%20%28The%29%20-%20Across%20the%20Universe.mid
171-005.mid;http://en.midimelody.ru/midi.php?str=%2Fb%2FBeatles%20%28The%29%2FBeatles%20%28The%29%20-%20Across%20the%20Universe%20%282%29.mid
172-001.mid;http://en.midimelody.ru/midi.php?str=%2Fb%2FBeatles%20%28The%29%2FBeatles%20%28The%29%20-%20I%20Me%20Mine.mid
172-002.mid;http://bmh.webzdarma.cz/IMMINE.MID
172-003.mid;http://earlybeatles.com/midi/17A-4__I_Me_Mine.mid
173-001.mid;http://davidbmidi.com/beatles/digit.mid
173-002.mid;http://earlybeatles.com/midi/17A-5__Dig_It.mid
173-003.mid;http://en.midimelody.ru/midi.php?str=%2Fb%2FBeatles%20%28The%29%2FBeatles%20%28The%29%20-%20Dig%20It.mid
174-001.mid;http://www.angelfire.com/in2/MarciaRiceFleetwood/LetItBe.mid
174-002.mid;http://beatlesnumber9.com/letitbe.mid
174-003.mid;http://bmh.webzdarma.cz/IDIGPNY.MID
174-004.mid;http://davidbmidi.com/beatles/letitdb.mid
174-005.mid;http://earlybeatles.com/midi/17A-6__Let_It_Be.mid
174-006.mid;http://en.midimelody.ru/midi.php?str=%2Fb%2FBeatles%20%28The%29%2FBeatles%20%28The%29%20-%20Let%20It%20Be%281%29.mid
174-007.mid;http://en.midimelody.ru/midi.php?str=%2Fb%2FBeatles%20%28The%29%2FBeatles%20%28The%29%20-%20Let%20It%20Be.mid
174-008.mid;http://en.midimelody.ru/midi.php?str=%2Fb%2FBeatles%20%28The%29%2FBeatles%20%28The%29%20-%20Let%20it%20be%20%282%29.mid
174-009.mid;http://en.midimelody.ru/midi.php?str=%2Fb%2FBeatles%20%28The%29%2FBeatles%20%28The%29%20-%20Let%20it%20be%20%283%29.mid
174-010.mid;http://en.midimelody.ru/midi.php?str=%2Fb%2FBeatles%20%28The%29%2FBeatles%20%28The%29%20-%20Let%20It%20Be%20%284%29.mid
174-011.mid;http://en.midimelody.ru/midi.php?str=%2Fb%2FBeatles%20%28The%29%2FBeatles%20%28The%29%20-%20Let%20It%20Be%20%285%29.mid
174-012.mid;http://en.midimelody.ru/midi.php?str=%2Fb%2FBeatles%20%28The%29%2FBeatles%20%28The%29%20-%20Let%20It%20Be%20%28solo%29.mid
174-013.mid;http://en.midimelody.ru/midi.php?str=%2Fb%2FBeatles%20%28The%29%2FBeatles%20%28The%29%20-%20Let%20It%20Be%20%20%282%29.mid
175-001.mid;http://davidbmidi.com/beatles/maggiema.mid
175-002.mid;http://bmh.webzdarma.cz/MAGMAE.MID
176-001.mid;http://beatlesnumber9.com/ivegot.mid
176-002.mid;http://davidbmidi.com/beatles/ivegotf.mid
176-003.mid;http://en.midimelody.ru/midi.php?str=%2Fb%2FBeatles%20%28The%29%2FBeatles%20%28The%29%20-%20I%27ve%20Got%20a%20Feeling.mid
176-004.mid;http://en.midimelody.ru/midi.php?str=%2Fb%2FBeatles%20%28The%29%2FBeatles%20%28The%29%20-%20I%27ve%20Got%20A%20Feeling%20%282%29.mid
176-005.mid;http://en.midimelody.ru/midi.php?str=%2Fb%2FBeatles%20%28The%29%2FBeatles%20%28The%29%20-%20I_%27ve%20Got%20A%20Feeling%20%282%29.mid
177-001.mid;http://beatlesnumber9.com/oneafter.mid
177-002.mid;http://davidbmidi.com/beatles/909dwb.mid
177-003.mid;http://en.midimelody.ru/midi.php?str=%2Fb%2FBeatles%20%28The%29%2FBeatles%20%28The%29%20-%20One%20After%20909.mid
178-001.mid;http://beatlesnumber9.com/thelong.mid
178-002.mid;http://www.angelfire.com/in2/MarciaRiceFleetwood/longroad_1_.mid
178-003.mid;http://davidbmidi.com/beatles/lawroad.mid
178-004.mid;http://earlybeatles.com/midi/17B-3__The_Long_And_Winding_Road.mid
178-005.mid;http://en.midimelody.ru/midi.php?str=%2Fb%2FBeatles%20%28The%29%2FBeatles%20%28The%29%20-%20The%20Long%20and%20Winding%20Road.mid
178-006.mid;http://en.midimelody.ru/midi.php?str=%2Fb%2FBeatles%20%28The%29%2FBeatles%20%28The%29%20-%20The%20Long%20And%20Winding%20Road%20%282%29.mid
179-001.mid;http://beatlesnumber9.com/foryou.mid
179-002.mid;http://bmh.webzdarma.cz/FORUBLU.MID
179-003.mid;http://en.midimelody.ru/midi.php?str=%2Fb%2FBeatles%20%28The%29%2FBeatles%20%28The%29%20-%20For%20Your%20Blue.mid
180-001.mid;http://www.angelfire.com/in2/MarciaRiceFleetwood/GetBack.mid
180-002.mid;http://beatlesnumber9.com/getback.mid
180-003.mid;http://davidbmidi.com/beatles/getback.mid
180-004.mid;http://earlybeatles.com/midi/17B-5__Get_Back.mid
180-005.mid;http://en.midimelody.ru/midi.php?str=%2Fb%2FBeatles%20%28The%29%2FBeatles%20%28The%29%20-%20Get%20Back.mid
180-006.mid;http://en.midimelody.ru/midi.php?str=%2Fb%2FBeatles%20%28The%29%2FBeatles%20%28The%29%20-%20Get%20Back%20%282%29.mid
181-001.mid;http://www.dongrays.com/midi/archive/pop/queen/bohemian.mid
181-002.mid;http://queen.wz.cz/midi/MIDI.zip>EXTRACT>Bohemian Rhapsody 1.mid
181-003.mid;http://queen.wz.cz/midi/MIDI.zip>EXTRACT>Bohemian Rhapsody 2.mid
181-004.mid;http://queen.wz.cz/midi/MIDI.zip>EXTRACT>Bohemian Rhapsody 3.mid
181-005.mid;http://queen.wz.cz/midi/MIDI.zip>EXTRACT>Bohemian Rhapsody 4.mid
181-006.mid;http://queen.wz.cz/midi/MIDI.zip>EXTRACT>Bohemian Rhapsody 5.mid
181-007.mid;http://queen.wz.cz/midi/MIDI.zip>EXTRACT>Bohemian Rhapsody 6.mid
181-008.mid;http://www.dongrays.com/midi/archive/pop/queen/bohemia2.mid
181-009.mid;http://www.rppmf.com/queen/1975-a_night_at_the_opera/11-queen_1975-bohemian_rhapsody-[k].mid
182-001.mid;http://queen.wz.cz/midi/MIDI.zip>EXTRACT>Another One Bist The Dust 2.mid
182-002.mid;http://queen.wz.cz/midi/MIDI.zip>EXTRACT>Another One Bist The Dust .mid
182-003.mid;http://www.dongrays.com/midi/archive/pop/queen/another1.mid
182-004.mid;http://www.rppmf.com/queen/1980-the_game/03-queen_1980-another_one_bites_the_dust-[k].mid
184-001.mid;http://queen.wz.cz/midi/MIDI.zip>EXTRACT>Fat Bottomed Girls .mid
184-002.mid;http://www.rppmf.com/queen/1978-jazz/02-queen_1978-fat_bottomed_girls-[k].mid
185-001.mid;http://queen.wz.cz/midi/MIDI.zip>EXTRACT>Bicycle Race.mid
185-002.mid;http://www.rppmf.com/queen/1978-jazz/04-queen_1978-bicycle_race-[k].mid
186-001.mid;http://queen.wz.cz/midi/MIDI.zip>EXTRACT>You're My Best Friend.mid
186-002.mid;http://queen.wz.cz/midi/MIDI.zip>EXTRACT>You're My Best Friend 2.mid
186-003.mid;http://www.dongrays.com/midi/archive/pop/queen/bestfrnd.mid
186-004.mid;http://www.rppmf.com/queen/1975-a_night_at_the_opera/04-queen_1975-you're_my_best_friend-[k].mid
187-001.mid;http://queen.wz.cz/midi/MIDI.zip>EXTRACT>Don't Stop Me Now.mid
187-002.mid;http://queen.wz.cz/midi/MIDI.zip>EXTRACT>Don't Stop Me Now 2.mid
187-003.mid;http://www.dongrays.com/midi/archive/pop/queen/dontstop.mid
187-004.mid;http://www.rppmf.com/queen/1978-jazz/12-queen_1978-don't_stop_me_now-[k].mid
188-001.mid;http://queen.wz.cz/midi/MIDI.zip>EXTRACT>Save Me.mid
188-002.mid;http://queen.wz.cz/midi/MIDI.zip>EXTRACT>Save Me 2.mid
188-003.mid;http://www.dongrays.com/midi/archive/pop/queen/save_me.mid
188-004.mid;http://www.rppmf.com/queen/1980-the_game/10-queen_1980-save_me-[k].mid
189-001.mid;http://queen.wz.cz/midi/MIDI.zip>EXTRACT>Crazy Little Thing Called Love.mid
189-002.mid;http://queen.wz.cz/midi/MIDI.zip>EXTRACT>Crazy Little Thing Called Love 2.mid
189-003.mid;http://www.dongrays.com/midi/archive/pop/queen/crazylit.mid
189-004.mid;http://www.rppmf.com/queen/1980-the_game/05-queen_1980-crazy_little_thing_called_love-[k].mid
190-001.mid;http://queen.wz.cz/midi/MIDI.zip>EXTRACT>Somebody To Love.mid
190-002.mid;http://queen.wz.cz/midi/MIDI.zip>EXTRACT>Somebody To Love 2.mid
190-003.mid;http://www.rppmf.com/queen/1976-a_day_at_the_races/06-queen_1976-somebody_to_love-[k].mid
192-001.mid;http://queen.wz.cz/midi/MIDI.zip>EXTRACT>Good Old Fashioned Lover Boy 2.mid
192-002.mid;http://queen.wz.cz/midi/MIDI.zip>EXTRACT>Good Old Fashioned Lover Boy.mid
192-003.mid;http://www.dongrays.com/midi/archive/pop/queen/loverboy.mid
193-001.mid;http://queen.wz.cz/midi/MIDI.zip>EXTRACT>Play The Game.mid
193-002.mid;http://www.rppmf.com/queen/1980-the_game/01-queen_1980-play_the_game-[k].mid
195-001.mid;http://queen.wz.cz/midi/MIDI.zip>EXTRACT>Seven Seas Of Rhye.mid
195-002.mid;http://www.rppmf.com/queen/1974-queen_ii/11-queen_1974-seven_seas_of_rhye-[k].mid
196-001.mid;http://queen.wz.cz/midi/MIDI.zip>EXTRACT>We Will Rock You 2.mid
196-002.mid;http://queen.wz.cz/midi/MIDI.zip>EXTRACT>We Will Rock You 3.mid
196-003.mid;http://queen.wz.cz/midi/MIDI.zip>EXTRACT>We Will Rock You.mid
197-001.mid;http://www.dongrays.com/midi/archive/pop/queen/wearecha.mid
197-002.mid;http://queen.wz.cz/midi/MIDI.zip>EXTRACT>We Are The Champions 2.mid
197-003.mid;http://queen.wz.cz/midi/MIDI.zip>EXTRACT>We Are The Champions 3.mid
197-004.mid;http://queen.wz.cz/midi/MIDI.zip>EXTRACT>We Are The Champions 4.mid
197-005.mid;http://queen.wz.cz/midi/MIDI.zip>EXTRACT>We Are The Champions.mid
197-006.mid;http://www.rppmf.com/queen/1977-news_of_the_world/02-queen_1977-we_are_the_champions-[k].mid
198-001.mid;http://queen.wz.cz/midi/MIDI.zip>EXTRACT>A Kind Of Magic 2.mid
198-002.mid;http://queen.wz.cz/midi/MIDI.zip>EXTRACT>A Kind Of Magic.mid
198-003.mid;http://www.dongrays.com/midi/archive/pop/queen/magic.mid
198-004.mid;http://www.rppmf.com/queen/1986-a_kind_of_magic/02-queen_1986-a_kind_of_magic-[k].mid
201-001.mid;http://queen.wz.cz/midi/MIDI.zip>EXTRACT>I Want It All.mid
201-002.mid;http://queen.wz.cz/midi/MIDI.zip>EXTRACT>I Want It All 2.mid
201-003.mid;http://queen.wz.cz/midi/MIDI.zip>EXTRACT>I Want It All 3.mid
201-004.mid;http://www.rppmf.com/queen/1989-the_miracle/04-queen_1989-i_want_it_all-[k].mid
202-001.mid;http://queen.wz.cz/midi/MIDI.zip>EXTRACT>I Want To Break Free 2.mid
202-002.mid;http://queen.wz.cz/midi/MIDI.zip>EXTRACT>I Want To Break Free 3.mid
202-003.mid;http://queen.wz.cz/midi/MIDI.zip>EXTRACT>I Want To Break Free 4.mid
202-004.mid;http://queen.wz.cz/midi/MIDI.zip>EXTRACT>I Want To Break Free.mid
202-005.mid;http://www.dongrays.com/midi/archive/pop/queen/iwant2br.mid
202-006.mid;http://www.rppmf.com/queen/1984-the_works/06-queen_1984-i_want_to_break_free-[k].mid
206-001.mid;http://queen.wz.cz/midi/MIDI.zip>EXTRACT>Who Wants To Live Forever 4.mid
206-002.mid;http://queen.wz.cz/midi/MIDI.zip>EXTRACT>Who Wants To Live Forever 2.mid
206-003.mid;http://queen.wz.cz/midi/MIDI.zip>EXTRACT>Who Wants To Live Forever 3.mid
206-004.mid;http://queen.wz.cz/midi/MIDI.zip>EXTRACT>Who Wants To Live Forever.mid
206-005.mid;http://www.dongrays.com/midi/archive/pop/queen/whowants.mid
211-001.mid;http://queen.wz.cz/midi/MIDI.zip>EXTRACT>Hammer To Fall.mid
211-002.mid;http://queen.wz.cz/midi/MIDI.zip>EXTRACT>Hammer To Fall 2.mid
211-003.mid;http://www.dongrays.com/midi/archive/pop/queen/hammerfl.mid
211-004.mid;http://www.rppmf.com/queen/1984-the_works/08-queen_1984-hammer_to_fall-[k].mid
212-001.mid;http://queen.wz.cz/midi/MIDI.zip>EXTRACT>Friends Will Be Friends 2.mid
212-002.mid;http://queen.wz.cz/midi/MIDI.zip>EXTRACT>Friends Will Be Friends .mid
212-003.mid;http://www.dongrays.com/midi/archive/pop/queen/friends.mid